{
    "loss": 0.5397774577140808,
    "accuracy": 0.818965494632721
}